{"sequential": 444.62462809085844, "threading": 518.008243060112, "multiprocessing": 98.9050836801529}